,0,1,2,3,4,5,6,7,8,9,10,11,12,13,14,15,16,17,18,19,20,21,22,23,24,25,26,27,28,29,30,31,32,33
0,0.5496439337730408,0.38244369626045227,0.5728163123130798,0.36941322684288025,0.5292748212814331,0.36743369698524475,0.6073784828186035,0.3634680211544037,0.49706950783729553,0.3586795926094055,0.6423411965370178,0.433704674243927,0.44303062558174133,0.4211936295032501,0.7233766913414001,0.49810540676116943,0.31440168619155884,0.4725908637046814,0.6204653382301331,0.46929335594177246,0.429915189743042,0.4602113962173462,0.5984358787536621,0.6175307035446167,0.47586172819137573,0.6152565479278564,0.6000493764877319,0.7536530494689941,0.4606172740459442,0.7613427639007568,0.581180989742279,0.8735914826393127,0.4497959613800049,0.8913652300834656
1,0.5488008260726929,0.38253653049468994,0.5720129013061523,0.3694819211959839,0.5283469557762146,0.36759060621261597,0.6068462133407593,0.36360207200050354,0.49620896577835083,0.3590201735496521,0.6413429975509644,0.43370184302330017,0.44288143515586853,0.42140036821365356,0.7225757837295532,0.49756255745887756,0.314136803150177,0.4727470576763153,0.6169940233230591,0.4699271619319916,0.4299575686454773,0.459964394569397,0.5955883264541626,0.6181426048278809,0.47345784306526184,0.6158616542816162,0.5993673205375671,0.7550520896911621,0.45848217606544495,0.7623496651649475,0.5808151960372925,0.8738205432891846,0.44947075843811035,0.8915846347808838
2,0.5470399260520935,0.38258224725723267,0.5706574320793152,0.3696357309818268,0.5268887281417847,0.36756327748298645,0.6064060926437378,0.36390963196754456,0.4954950213432312,0.3589276075363159,0.6403332352638245,0.4337182343006134,0.44283434748649597,0.42138826847076416,0.7219958305358887,0.4974210262298584,0.31392064690589905,0.47305214405059814,0.616441011428833,0.4711390435695648,0.4287620484828949,0.45990803837776184,0.5934790372848511,0.6178836226463318,0.47203731536865234,0.6155982613563538,0.5999922156333923,0.7546199560165405,0.45823290944099426,0.7615591287612915,0.5810842514038086,0.8733771443367004,0.4499403238296509,0.8910570740699768
3,0.5462232828140259,0.38264286518096924,0.570095419883728,0.3697091341018677,0.5261579751968384,0.36749064922332764,0.6062396168708801,0.36390629410743713,0.4949588179588318,0.3586399257183075,0.6405540108680725,0.43393123149871826,0.4423579275608063,0.4217079281806946,0.7223767042160034,0.49767544865608215,0.3140004873275757,0.4736126959323883,0.6152615547180176,0.4716682732105255,0.42730826139450073,0.4602903723716736,0.5946341156959534,0.6194162964820862,0.47270065546035767,0.6170912981033325,0.5995563268661499,0.7559271454811096,0.4571298360824585,0.7627097368240356,0.5812495350837708,0.8738521933555603,0.45012086629867554,0.8912106156349182
4,0.5455325841903687,0.3825756907463074,0.5694656372070312,0.36958661675453186,0.5253848433494568,0.3674050271511078,0.6058768630027771,0.3636581003665924,0.4942992031574249,0.3585032820701599,0.6402995586395264,0.43367356061935425,0.44231271743774414,0.4217211902141571,0.7222549319267273,0.4977078437805176,0.3139561414718628,0.4739556908607483,0.6151039004325867,0.47167786955833435,0.42754635214805603,0.4606761038303375,0.5950892567634583,0.6195548176765442,0.4733597934246063,0.6174845695495605,0.599395215511322,0.7562675476074219,0.45686352252960205,0.7640097141265869,0.5807788968086243,0.8735517263412476,0.45101258158683777,0.8920475244522095
5,0.5454168319702148,0.3824928104877472,0.5693491697311401,0.3695201575756073,0.5252849459648132,0.36735081672668457,0.6058360934257507,0.363606333732605,0.4942457973957062,0.35851749777793884,0.6409111022949219,0.4334460496902466,0.44257989525794983,0.4217946529388428,0.7230618000030518,0.4977245628833771,0.31447634100914,0.47414717078208923,0.6161268949508667,0.47086501121520996,0.4269910454750061,0.46083566546440125,0.5970772504806519,0.6187017560005188,0.4752349257469177,0.6167319416999817,0.5986843705177307,0.7544744610786438,0.45793095231056213,0.7626416683197021,0.5817550420761108,0.8735169172286987,0.4508739709854126,0.8920797109603882
6,0.5452548861503601,0.3824930489063263,0.5692899823188782,0.3695743978023529,0.5251425504684448,0.36735278367996216,0.60589599609375,0.36381468176841736,0.4942478835582733,0.3586243689060211,0.64117032289505,0.4335881173610687,0.4428088068962097,0.42187806963920593,0.7229292988777161,0.49814772605895996,0.31409987807273865,0.4748505651950836,0.6163983941078186,0.47021058201789856,0.4269951581954956,0.4610934257507324,0.5984166264533997,0.6197947859764099,0.47643741965293884,0.617668092250824,0.5987713932991028,0.7556391954421997,0.45791172981262207,0.7629411220550537,0.5822862386703491,0.8736405968666077,0.45007485151290894,0.8913280963897705
7,0.5451982021331787,0.38270050287246704,0.5692172646522522,0.36976537108421326,0.5250263214111328,0.3675696551799774,0.6057839393615723,0.363944411277771,0.49405407905578613,0.35881757736206055,0.6411503553390503,0.4334263801574707,0.4426026940345764,0.4217304587364197,0.7232752442359924,0.4985267221927643,0.3149813413619995,0.4754405617713928,0.617175817489624,0.4696771204471588,0.42752090096473694,0.4609805643558502,0.5978160500526428,0.6199495196342468,0.47572338581085205,0.6178593635559082,0.5985244512557983,0.7557258009910583,0.45734795928001404,0.763388991355896,0.580926775932312,0.873273491859436,0.45071205496788025,0.8915756940841675
8,0.5450589656829834,0.38280272483825684,0.5690781474113464,0.3699128031730652,0.5249786376953125,0.36767247319221497,0.6056095957756042,0.364088237285614,0.4940721094608307,0.3588603436946869,0.641049325466156,0.4331912398338318,0.4426467716693878,0.4216911494731903,0.723018229007721,0.49856022000312805,0.31575241684913635,0.4758691191673279,0.6173995733261108,0.469135582447052,0.4282231628894806,0.4607817530632019,0.5984714031219482,0.618934154510498,0.47654661536216736,0.6170446872711182,0.5988687872886658,0.754638671875,0.45885103940963745,0.7630560994148254,0.5796956419944763,0.8723093271255493,0.4505460262298584,0.8913728594779968
9,0.5452461242675781,0.3829517662525177,0.5691261291503906,0.37005698680877686,0.5253443717956543,0.36777153611183167,0.6053587794303894,0.3640228509902954,0.4944927990436554,0.35870495438575745,0.6412535309791565,0.43309372663497925,0.44202327728271484,0.4218083918094635,0.7229495644569397,0.49870234727859497,0.31564000248908997,0.47669222950935364,0.6179011464118958,0.46875613927841187,0.4283725917339325,0.4608110785484314,0.599134087562561,0.6182340383529663,0.4764859080314636,0.6165417432785034,0.599803626537323,0.7535088658332825,0.45854586362838745,0.762442946434021,0.5805984139442444,0.8726502060890198,0.4498114585876465,0.8923481702804565
10,0.545180082321167,0.38309022784233093,0.5691275000572205,0.3702281415462494,0.525436520576477,0.3678230345249176,0.6053561568260193,0.3641064465045929,0.4948231875896454,0.3585270643234253,0.6414738893508911,0.433150053024292,0.44208046793937683,0.42175155878067017,0.7227184772491455,0.4992198050022125,0.3167417049407959,0.4771134853363037,0.6177459955215454,0.46825647354125977,0.4282185137271881,0.46062687039375305,0.5996876955032349,0.6185042262077332,0.4769395589828491,0.616616427898407,0.5989252328872681,0.7539299130439758,0.45889779925346375,0.7623345851898193,0.5799675583839417,0.8733923435211182,0.4488081634044647,0.8919731378555298
11,0.5452340245246887,0.38314008712768555,0.5690432786941528,0.3702451288700104,0.5255195498466492,0.3678509593009949,0.6049447655677795,0.36394038796424866,0.4947511851787567,0.35837873816490173,0.6411492228507996,0.43312856554985046,0.44122377038002014,0.42183542251586914,0.7218943238258362,0.4996931254863739,0.3178696930408478,0.4778977632522583,0.6187980771064758,0.46831509470939636,0.42892953753471375,0.4607406258583069,0.5990986227989197,0.6185378432273865,0.4758591055870056,0.6167543530464172,0.5993996262550354,0.7533259987831116,0.45908746123313904,0.7620115280151367,0.5800518989562988,0.8730887174606323,0.44903144240379333,0.8916553854942322
12,0.5451542139053345,0.38326844573020935,0.5691919326782227,0.3703380823135376,0.5253806710243225,0.36783653497695923,0.6053403615951538,0.36375942826271057,0.4945290982723236,0.3579894006252289,0.6416839957237244,0.4331129193305969,0.44062092900276184,0.42187216877937317,0.7221758961677551,0.4998728930950165,0.31877458095550537,0.4784877896308899,0.6182698607444763,0.4679434597492218,0.42953330278396606,0.4606526792049408,0.6000992655754089,0.619503915309906,0.4760041832923889,0.6178638339042664,0.5998804569244385,0.7541743516921997,0.4583146870136261,0.7636398077011108,0.5809324979782104,0.8719707727432251,0.4489564001560211,0.8918488025665283
13,0.5448453426361084,0.38372328877449036,0.5689135789871216,0.3707199692726135,0.5250504016876221,0.36820662021636963,0.6051573753356934,0.3638334572315216,0.4941137135028839,0.3580304682254791,0.6413809061050415,0.4331599473953247,0.4398094117641449,0.42205679416656494,0.7214791178703308,0.5000941753387451,0.31914040446281433,0.47994744777679443,0.6182364821434021,0.46843141317367554,0.42935383319854736,0.4612506031990051,0.5986113548278809,0.6197627186775208,0.4741816818714142,0.6180915236473083,0.5998214483261108,0.7552172541618347,0.4585737884044647,0.7639595866203308,0.5805618166923523,0.8731235861778259,0.4487972557544708,0.8923685550689697
14,0.54461270570755,0.3837070167064667,0.5686485767364502,0.37070339918136597,0.5248464941978455,0.36824771761894226,0.6050062775611877,0.3639267683029175,0.49410274624824524,0.35826483368873596,0.6412062644958496,0.4331028163433075,0.4402523338794708,0.42237043380737305,0.7205922603607178,0.500164806842804,0.3202114999294281,0.48080751299858093,0.6177718639373779,0.47052356600761414,0.4293830096721649,0.46180459856987,0.5986400246620178,0.6187602877616882,0.47472426295280457,0.617232084274292,0.5999698042869568,0.7541868686676025,0.4597098231315613,0.7627401947975159,0.5815123319625854,0.8726244568824768,0.4506789445877075,0.891883909702301
15,0.5441854596138,0.3838566541671753,0.5681504607200623,0.3708619177341461,0.5245018005371094,0.3684558570384979,0.6046144962310791,0.36398348212242126,0.49395841360092163,0.358441025018692,0.641105592250824,0.4327813684940338,0.4400140643119812,0.42243850231170654,0.7190353274345398,0.5000321865081787,0.3209836483001709,0.48231592774391174,0.6150534152984619,0.472335547208786,0.42914703488349915,0.4627591371536255,0.5973684787750244,0.6179995536804199,0.4732605516910553,0.6165158748626709,0.5991693735122681,0.7541946172714233,0.45953819155693054,0.7620689868927002,0.5811383128166199,0.8725740313529968,0.44952458143234253,0.8919631242752075
16,0.5438226461410522,0.38403069972991943,0.5677857398986816,0.3710334897041321,0.5241919755935669,0.36866310238838196,0.604475736618042,0.3642667233943939,0.4937865436077118,0.35882434248924255,0.641623318195343,0.43311402201652527,0.4397476613521576,0.42323726415634155,0.7181147933006287,0.5000860691070557,0.3226465880870819,0.4835371971130371,0.6146559715270996,0.4748913049697876,0.4291685223579407,0.4638553857803345,0.5982380509376526,0.617155909538269,0.47346732020378113,0.6159034967422485,0.599509596824646,0.7523913383483887,0.45946815609931946,0.7603718042373657,0.5818380117416382,0.8710405826568604,0.4497566223144531,0.891805112361908
17,0.5432798862457275,0.3843480050563812,0.567402720451355,0.3712829053401947,0.5236994624137878,0.36890533566474915,0.6044526100158691,0.3644350469112396,0.4935767650604248,0.3589985966682434,0.6415736079216003,0.4333060085773468,0.4389398396015167,0.42413458228111267,0.7173503637313843,0.5002873539924622,0.32384467124938965,0.48565343022346497,0.6103116869926453,0.4771788716316223,0.4291767477989197,0.4647018015384674,0.5965160131454468,0.6203702688217163,0.47087860107421875,0.6195196509361267,0.6010681986808777,0.7541478872299194,0.4584587812423706,0.7632110714912415,0.5819143056869507,0.8707839250564575,0.4503190219402313,0.893161416053772
18,0.543698251247406,0.3842533826828003,0.5675318837165833,0.3710955083370209,0.5239453911781311,0.36887556314468384,0.6041896939277649,0.3641605079174042,0.49340230226516724,0.35905879735946655,0.6423507928848267,0.43307262659072876,0.4384424686431885,0.42443907260894775,0.7174761891365051,0.5002440214157104,0.3240548074245453,0.48671990633010864,0.6121407747268677,0.4795199930667877,0.4293813705444336,0.4655645489692688,0.5989080667495728,0.6182225942611694,0.47253841161727905,0.6176136136054993,0.6020076274871826,0.7530244588851929,0.460344523191452,0.7618632912635803,0.5813870429992676,0.8701187372207642,0.4500355124473572,0.8929827213287354
19,0.5435290336608887,0.38412633538246155,0.5672033429145813,0.37095728516578674,0.5237208604812622,0.3688502013683319,0.6036739945411682,0.36410170793533325,0.4931105375289917,0.35929372906684875,0.6423117518424988,0.4327654242515564,0.4383220970630646,0.42491215467453003,0.7167973518371582,0.4996403753757477,0.3250914216041565,0.4873836040496826,0.6087403297424316,0.4814744293689728,0.43044713139533997,0.4668044149875641,0.5999788641929626,0.6180323362350464,0.47338104248046875,0.6177679896354675,0.6022204756736755,0.7528674602508545,0.45993226766586304,0.7622783780097961,0.5819195508956909,0.8700605630874634,0.45096713304519653,0.8935006856918335
20,0.5433065891265869,0.38400593400001526,0.5667481422424316,0.37078168988227844,0.5234753489494324,0.3688315451145172,0.6031216382980347,0.36382582783699036,0.4930705726146698,0.3593764901161194,0.6421228647232056,0.4324173331260681,0.43901628255844116,0.4247846305370331,0.715927004814148,0.49968913197517395,0.3256831467151642,0.4876968562602997,0.6056852340698242,0.483380526304245,0.43161073327064514,0.46778446435928345,0.5997017025947571,0.6177020072937012,0.4736597537994385,0.6174814105033875,0.6009829640388489,0.7534772157669067,0.4596841335296631,0.7628514170646667,0.5819771885871887,0.8700537085533142,0.45107361674308777,0.8938864469528198
21,0.5430425405502319,0.38396793603897095,0.5665484666824341,0.3708100914955139,0.5232939720153809,0.36878958344459534,0.6028831601142883,0.3637646734714508,0.4929601550102234,0.3592168092727661,0.6419627666473389,0.4317858815193176,0.43863144516944885,0.4249400496482849,0.7148320078849792,0.4990884065628052,0.32706472277641296,0.48858773708343506,0.6017953157424927,0.4842361807823181,0.43048202991485596,0.468658983707428,0.6003477573394775,0.6193798780441284,0.4739687442779541,0.6194289922714233,0.6011845469474792,0.7549537420272827,0.4596751928329468,0.7649375200271606,0.581184446811676,0.8712778687477112,0.4521639049053192,0.8944060206413269
22,0.5427402257919312,0.3838682174682617,0.5663231611251831,0.3707207441329956,0.5230298638343811,0.3686600923538208,0.6028627753257751,0.3636406362056732,0.4927433133125305,0.359001487493515,0.6418543457984924,0.43179404735565186,0.4380396008491516,0.42490237951278687,0.7132290005683899,0.4983896017074585,0.32721856236457825,0.488444983959198,0.5999534130096436,0.485465407371521,0.43074721097946167,0.4693765342235565,0.5993598103523254,0.6191939115524292,0.4725464880466461,0.6190705895423889,0.6007922291755676,0.755526065826416,0.4590471088886261,0.7642386555671692,0.580786943435669,0.8712931275367737,0.45105504989624023,0.8934030532836914
23,0.5432314872741699,0.3840891122817993,0.5666137933731079,0.37091168761253357,0.5234803557395935,0.3688717186450958,0.6025609970092773,0.3634960949420929,0.4929504990577698,0.35894274711608887,0.6415637135505676,0.43117043375968933,0.4383758008480072,0.4250359833240509,0.7118791341781616,0.49624866247177124,0.3288041651248932,0.4882403314113617,0.5956509113311768,0.48628610372543335,0.43183016777038574,0.46964582800865173,0.6012798547744751,0.6204861998558044,0.4743790030479431,0.6206443905830383,0.6023109555244446,0.7559179067611694,0.45804640650749207,0.7648500204086304,0.5824604034423828,0.8708566427230835,0.45014095306396484,0.89339280128479
24,0.5433452129364014,0.3843027949333191,0.566768229007721,0.3711434304714203,0.5236939787864685,0.36905837059020996,0.6027610301971436,0.363767147064209,0.4932219386100769,0.35911914706230164,0.6414279341697693,0.43131935596466064,0.43842819333076477,0.4254823327064514,0.7102699875831604,0.49589940905570984,0.3299637734889984,0.48854440450668335,0.5937404632568359,0.4871905446052551,0.43304815888404846,0.46996524930000305,0.6011960506439209,0.6204383373260498,0.47425225377082825,0.6207438707351685,0.6029554605484009,0.7549365162849426,0.4586865305900574,0.7640746235847473,0.5823690295219421,0.8707796335220337,0.449736624956131,0.8931633234024048
25,0.5440641045570374,0.3843879699707031,0.5673813223838806,0.371282160282135,0.5244137048721313,0.36917397379875183,0.6028710007667542,0.36383160948753357,0.49346017837524414,0.35915857553482056,0.6410779356956482,0.4306862950325012,0.4383126497268677,0.42543724179267883,0.7078641653060913,0.49449384212493896,0.3318146765232086,0.4889981746673584,0.5900864005088806,0.48831284046173096,0.4336797893047333,0.4704500436782837,0.6016488075256348,0.6186684966087341,0.47466662526130676,0.6191810965538025,0.6018246412277222,0.7542017102241516,0.4583069682121277,0.7631708383560181,0.5822056531906128,0.8707171678543091,0.44899216294288635,0.8933375477790833
26,0.5446609258651733,0.38471007347106934,0.5678510665893555,0.3716095983982086,0.525041937828064,0.36948657035827637,0.6029651761054993,0.36388278007507324,0.49388521909713745,0.35918083786964417,0.6405308842658997,0.43032538890838623,0.43831124901771545,0.42545920610427856,0.7066265344619751,0.49367135763168335,0.33273932337760925,0.48937273025512695,0.5906190872192383,0.48998862504959106,0.4348812401294708,0.47076940536499023,0.6007120609283447,0.6186307668685913,0.4739477336406708,0.6192395687103271,0.601589024066925,0.7554667592048645,0.45873233675956726,0.7640453577041626,0.582233190536499,0.8710581064224243,0.4481078088283539,0.8924025297164917
27,0.5457519292831421,0.38443300127983093,0.5687658190727234,0.3713891804218292,0.5260487198829651,0.3692537248134613,0.6029413342475891,0.36386746168136597,0.49396881461143494,0.35914087295532227,0.6404035687446594,0.4295947253704071,0.43751153349876404,0.42561444640159607,0.7063091397285461,0.49219393730163574,0.33411872386932373,0.4906637370586395,0.5910703539848328,0.49112969636917114,0.4347793459892273,0.4712953269481659,0.6026153564453125,0.6178320646286011,0.4751525819301605,0.6188830733299255,0.6031058430671692,0.754291832447052,0.45905569195747375,0.7631281018257141,0.5816884636878967,0.8706831932067871,0.44850775599479675,0.8932268023490906
28,0.5465124845504761,0.38440096378326416,0.5693526268005371,0.37139567732810974,0.526802659034729,0.36926257610321045,0.6027453541755676,0.363994300365448,0.4941900670528412,0.3592627942562103,0.6395146250724792,0.42967933416366577,0.4375368356704712,0.4258536994457245,0.7049024701118469,0.4916415214538574,0.33522889018058777,0.4908105432987213,0.5857440829277039,0.49160146713256836,0.43544235825538635,0.471659779548645,0.6014321446418762,0.6186814904212952,0.474311888217926,0.6197096109390259,0.6015146374702454,0.7548015713691711,0.45873260498046875,0.7635156512260437,0.5822536945343018,0.8706300258636475,0.44755056500434875,0.893254280090332
29,0.5469477772712708,0.3844217360019684,0.5696946978569031,0.37154078483581543,0.5273237824440002,0.369310200214386,0.6022405624389648,0.3645445704460144,0.49419504404067993,0.35954609513282776,0.637957751750946,0.42997124791145325,0.43666765093803406,0.4261266887187958,0.7040632367134094,0.491228312253952,0.3355705142021179,0.4912857413291931,0.5869881510734558,0.4921649098396301,0.4356019198894501,0.47182437777519226,0.5997951626777649,0.6189218163490295,0.47305744886398315,0.620032012462616,0.6021406054496765,0.7550544142723083,0.4591478705406189,0.7636050581932068,0.582058846950531,0.87111896276474,0.44751355051994324,0.8941695094108582
30,0.547359049320221,0.3843429684638977,0.5699800848960876,0.3714791536331177,0.5276687145233154,0.3692966103553772,0.6021587252616882,0.3645464777946472,0.4941430985927582,0.35963115096092224,0.6371068954467773,0.4298495948314667,0.43663743138313293,0.425846129655838,0.7031375169754028,0.49141237139701843,0.3366601765155792,0.49088621139526367,0.5894497036933899,0.49324336647987366,0.4370933175086975,0.4722345471382141,0.5984565019607544,0.6177815794944763,0.4721272587776184,0.6189543604850769,0.6019684672355652,0.7541326284408569,0.4589056968688965,0.7629838585853577,0.5826845765113831,0.8706910610198975,0.4476644694805145,0.89421147108078
31,0.5475625395774841,0.3841661512851715,0.5700928568840027,0.37134718894958496,0.5279468894004822,0.36922577023506165,0.6020082831382751,0.3646317422389984,0.49452757835388184,0.3598533272743225,0.6368081569671631,0.4293186366558075,0.4373960494995117,0.4256361126899719,0.7018436789512634,0.4923659563064575,0.3372632563114166,0.49207618832588196,0.5812253355979919,0.49371063709259033,0.43719154596328735,0.47330597043037415,0.5981601476669312,0.6169977784156799,0.4722435176372528,0.6183446645736694,0.6023395657539368,0.7518063187599182,0.45971518754959106,0.7616942524909973,0.5846875309944153,0.8697951436042786,0.44760748744010925,0.8939562439918518
32,0.5475576519966125,0.38419660925865173,0.5700976252555847,0.371319979429245,0.5279293060302734,0.3692091107368469,0.6019336581230164,0.364513635635376,0.49442121386528015,0.3597334623336792,0.6367776393890381,0.42963308095932007,0.4365313947200775,0.4259386360645294,0.7006832361221313,0.4931466579437256,0.3387438654899597,0.4933721125125885,0.5758544206619263,0.4941915273666382,0.4369766116142273,0.47355663776397705,0.596298098564148,0.6183874011039734,0.4697011113166809,0.6196271777153015,0.6025077700614929,0.7526834011077881,0.4594966471195221,0.7622801661491394,0.5839618444442749,0.8698644638061523,0.44767120480537415,0.8940412402153015
33,0.5475597381591797,0.3844394385814667,0.5700196027755737,0.37151575088500977,0.5278481841087341,0.36942580342292786,0.6018284559249878,0.3644030690193176,0.49423646926879883,0.35967668890953064,0.6375201940536499,0.4296054542064667,0.43643197417259216,0.4258774518966675,0.7002586126327515,0.49322959780693054,0.3389471471309662,0.4934689402580261,0.5762858986854553,0.4950697124004364,0.4386371672153473,0.47443288564682007,0.598978579044342,0.6171813011169434,0.47203487157821655,0.6181827783584595,0.6016203761100769,0.7523758411407471,0.46041497588157654,0.7602874040603638,0.5836403965950012,0.8705973029136658,0.4479994773864746,0.8928130269050598
34,0.5479602217674255,0.3844413459300995,0.5702845454216003,0.37153908610343933,0.5282954573631287,0.36944252252578735,0.6015334129333496,0.3645058870315552,0.4943527579307556,0.35975581407546997,0.6370289325714111,0.42963820695877075,0.4358484148979187,0.42626357078552246,0.6992830038070679,0.49392634630203247,0.3399173319339752,0.49521172046661377,0.5722835659980774,0.4959874451160431,0.43979278206825256,0.4749847650527954,0.5982996821403503,0.6177055835723877,0.47111138701438904,0.6188530325889587,0.60145103931427,0.7527334690093994,0.4599716067314148,0.7608797550201416,0.5831171274185181,0.871235728263855,0.4478967785835266,0.8936142325401306
35,0.5479627847671509,0.3844422996044159,0.5702919960021973,0.37152642011642456,0.5282893776893616,0.3694593012332916,0.6015551686286926,0.3645310699939728,0.494357168674469,0.35986530780792236,0.6372798085212708,0.42954930663108826,0.43536773324012756,0.4264630675315857,0.6987940073013306,0.4944401681423187,0.3405296504497528,0.4958890676498413,0.570304274559021,0.49659255146980286,0.439835786819458,0.47530680894851685,0.5985404849052429,0.6186327934265137,0.4705297350883484,0.6200957298278809,0.6027156114578247,0.7533084154129028,0.45887523889541626,0.7629329562187195,0.5842692255973816,0.8708208799362183,0.4480277895927429,0.894650936126709
36,0.548082709312439,0.3844841718673706,0.5703608989715576,0.3714248836040497,0.5282680988311768,0.3694802522659302,0.6015941500663757,0.3641703426837921,0.49426302313804626,0.35978153347969055,0.6368433833122253,0.4294005334377289,0.4353543221950531,0.4267754852771759,0.697609007358551,0.4949187934398651,0.3417075276374817,0.4969446361064911,0.5681292414665222,0.4963778555393219,0.4402715861797333,0.4754384458065033,0.5971806049346924,0.6200664639472961,0.4692385494709015,0.6218414902687073,0.6033610701560974,0.7540583610534668,0.45897921919822693,0.7649660110473633,0.5841901302337646,0.8706774115562439,0.4482412338256836,0.8952020406723022
37,0.5483411550521851,0.3843308389186859,0.5706216096878052,0.3713145852088928,0.5284451842308044,0.36936619877815247,0.6018191576004028,0.36430907249450684,0.4942646622657776,0.3599293828010559,0.6378636360168457,0.42953383922576904,0.4351339340209961,0.4268738627433777,0.6972618699073792,0.49493634700775146,0.34273862838745117,0.4967835545539856,0.5666431188583374,0.49678805470466614,0.44196122884750366,0.4763810634613037,0.5995630621910095,0.6203448176383972,0.4706721901893616,0.6219598650932312,0.6034482717514038,0.7541738152503967,0.4588607847690582,0.7644102573394775,0.5837705135345459,0.870694637298584,0.4486285150051117,0.8941049575805664
38,0.5485528111457825,0.384415864944458,0.5706849694252014,0.3713832497596741,0.5287003517150879,0.3694847822189331,0.6016128063201904,0.3643287122249603,0.4944364130496979,0.3600451946258545,0.6371240615844727,0.4295351803302765,0.4351365864276886,0.42702004313468933,0.694866955280304,0.4954524636268616,0.34325510263442993,0.49813413619995117,0.5625474452972412,0.4977880120277405,0.44361943006515503,0.4772304892539978,0.5980110764503479,0.6193386316299438,0.46953675150871277,0.6210455894470215,0.6028342843055725,0.7536227107048035,0.4589730203151703,0.7638402581214905,0.5838784575462341,0.8709262013435364,0.44799405336380005,0.8946214914321899
39,0.5488690137863159,0.3844638466835022,0.5708683133125305,0.37145569920539856,0.5289955139160156,0.3695717751979828,0.6014533042907715,0.36445459723472595,0.49449822306632996,0.36017370223999023,0.6373227834701538,0.42974036931991577,0.4351021647453308,0.42713162302970886,0.6934866309165955,0.4956586956977844,0.34509891271591187,0.4986884593963623,0.5599793195724487,0.49942734837532043,0.44510191679000854,0.47772645950317383,0.599263608455658,0.6199908256530762,0.4704650938510895,0.6215987205505371,0.6034317016601562,0.7547778487205505,0.45954713225364685,0.7642847895622253,0.583385169506073,0.87142014503479,0.44807127118110657,0.8954787254333496
40,0.5491626858711243,0.3843768537044525,0.5709020495414734,0.37130361795425415,0.5292603373527527,0.36956101655960083,0.6012141108512878,0.36431246995925903,0.4947561025619507,0.3603358268737793,0.6372299194335938,0.4299790561199188,0.43482303619384766,0.4275386929512024,0.6914709806442261,0.4962926506996155,0.3463076949119568,0.4995899498462677,0.5585424304008484,0.5008522272109985,0.4457845687866211,0.478307843208313,0.5981490612030029,0.6197078824043274,0.46904420852661133,0.621344804763794,0.6039904356002808,0.7545806169509888,0.45954832434654236,0.7638459205627441,0.5830902457237244,0.8697988986968994,0.4475247859954834,0.8932314515113831
41,0.5488619804382324,0.3843497931957245,0.570699155330658,0.3712923228740692,0.5289909243583679,0.3695356249809265,0.6013033390045166,0.36432114243507385,0.4946238100528717,0.360293984413147,0.637156069278717,0.4302424192428589,0.4349682629108429,0.4275834560394287,0.6896641850471497,0.4973739981651306,0.3482603132724762,0.4999748468399048,0.5581805109977722,0.5026983022689819,0.44689521193504333,0.478957861661911,0.5978593230247498,0.6191286444664001,0.46896353363990784,0.6206930875778198,0.603653609752655,0.7539569139480591,0.46072903275489807,0.7630536556243896,0.582639753818512,0.8696447014808655,0.44828784465789795,0.8929632902145386
42,0.5489509701728821,0.3843257427215576,0.5707523822784424,0.3711901307106018,0.5289739370346069,0.3694233000278473,0.6010962724685669,0.36409780383110046,0.4941822588443756,0.36005690693855286,0.6371111869812012,0.43031933903694153,0.4346517324447632,0.427832692861557,0.6897373795509338,0.4983599781990051,0.3498903810977936,0.5009328126907349,0.5594471096992493,0.5035943388938904,0.4466400146484375,0.47952184081077576,0.5993883609771729,0.6193692088127136,0.4702293276786804,0.6209002733230591,0.6032772064208984,0.7547050714492798,0.4599766135215759,0.7634613513946533,0.5823501348495483,0.8712228536605835,0.4490288496017456,0.8933830857276917
43,0.5489292740821838,0.38427814841270447,0.5708483457565308,0.3711208403110504,0.5289358496665955,0.36931294202804565,0.6012874841690063,0.36393147706985474,0.4940878450870514,0.3598363399505615,0.6372061967849731,0.4300570487976074,0.4344167709350586,0.4280308485031128,0.6894217729568481,0.4983025789260864,0.35061442852020264,0.5013068318367004,0.5587743520736694,0.5041064620018005,0.44642373919487,0.4800835847854614,0.600248396396637,0.6199893355369568,0.4707314968109131,0.6217530965805054,0.603588342666626,0.7544897198677063,0.4600957930088043,0.7640891075134277,0.5833081007003784,0.871311604976654,0.44890645146369934,0.8930967450141907
44,0.549004316329956,0.3843635022640228,0.5707681179046631,0.3712075650691986,0.5290101170539856,0.36946919560432434,0.6009415984153748,0.3639122247695923,0.49412059783935547,0.3599890470504761,0.6371261477470398,0.4299614727497101,0.43424269556999207,0.42836281657218933,0.6895414590835571,0.49845030903816223,0.35143712162971497,0.5025232434272766,0.5589350461959839,0.5041009187698364,0.44722476601600647,0.4804486632347107,0.6001226305961609,0.6195025444030762,0.47065791487693787,0.6214982867240906,0.6029868721961975,0.7540545463562012,0.4604620039463043,0.764085054397583,0.5836633443832397,0.8708776831626892,0.4498099982738495,0.8934194445610046
45,0.5487096905708313,0.38440102338790894,0.5705369710922241,0.3712708055973053,0.5287339687347412,0.36947518587112427,0.600763738155365,0.36406445503234863,0.49378159642219543,0.360014945268631,0.6372892260551453,0.4301101863384247,0.4336201846599579,0.42856237292289734,0.6896441578865051,0.498661071062088,0.3525601327419281,0.5028451085090637,0.5584236979484558,0.5044271349906921,0.44712889194488525,0.481133371591568,0.600529670715332,0.6201468110084534,0.47041162848472595,0.6221305131912231,0.603763222694397,0.7555365562438965,0.4601808190345764,0.7656059861183167,0.5827431082725525,0.8714800477027893,0.44979095458984375,0.8935834765434265
46,0.5487984418869019,0.3845633268356323,0.5705264210700989,0.3713436722755432,0.528732180595398,0.3696382939815521,0.6007066369056702,0.3638036549091339,0.493693083524704,0.35995134711265564,0.6375337839126587,0.429979145526886,0.43392616510391235,0.42876607179641724,0.6903311014175415,0.4988642930984497,0.35315051674842834,0.503593385219574,0.5582057237625122,0.5049145817756653,0.4468906819820404,0.48191025853157043,0.6010890007019043,0.619976282119751,0.47125038504600525,0.6220248341560364,0.6034582257270813,0.7544469833374023,0.4616289734840393,0.7644853591918945,0.5813199877738953,0.870957612991333,0.45012223720550537,0.8930542469024658
47,0.5488173961639404,0.3846491873264313,0.5704017281532288,0.3714180886745453,0.528725266456604,0.3697715699672699,0.6004325151443481,0.3638302683830261,0.4936486482620239,0.3601226210594177,0.6379594206809998,0.4300001859664917,0.43382155895233154,0.4288632571697235,0.6906887292861938,0.49924540519714355,0.3535079061985016,0.5034197568893433,0.5590162873268127,0.5055222511291504,0.44702088832855225,0.48333540558815,0.6026033163070679,0.6191945672035217,0.47247618436813354,0.6213490962982178,0.6034703850746155,0.753149688243866,0.46128612756729126,0.763960063457489,0.5806695222854614,0.8706358671188354,0.45041507482528687,0.893125057220459
48,0.5493606925010681,0.38493311405181885,0.5707587003707886,0.37162622809410095,0.5291106104850769,0.3700539469718933,0.600185215473175,0.36393797397613525,0.49341344833374023,0.36036747694015503,0.6372889280319214,0.4302292764186859,0.43361273407936096,0.42932257056236267,0.6903465986251831,0.49985992908477783,0.3541920781135559,0.5047402381896973,0.5589780211448669,0.5063356757164001,0.4478715658187866,0.48457086086273193,0.6024560332298279,0.6197612285614014,0.4725635051727295,0.6219473481178284,0.6033832430839539,0.7540878653526306,0.4621196985244751,0.7645378708839417,0.5810991525650024,0.8719874620437622,0.4496709108352661,0.8938219547271729
49,0.5498062968254089,0.3849034905433655,0.5709144473075867,0.3715519905090332,0.5294489860534668,0.3701041340827942,0.5997748374938965,0.3639022409915924,0.493365079164505,0.3605511784553528,0.636928915977478,0.4306076765060425,0.43293580412864685,0.42928749322891235,0.6894400715827942,0.5005144476890564,0.3550645112991333,0.5043905973434448,0.5597057938575745,0.5069940090179443,0.44916877150535583,0.48492002487182617,0.6010841727256775,0.619864284992218,0.47088807821273804,0.6218876242637634,0.6039174199104309,0.7546344995498657,0.461953729391098,0.7647324800491333,0.580618143081665,0.8726046681404114,0.4494514465332031,0.894254744052887
50,0.5501275062561035,0.3847704231739044,0.5710058212280273,0.37128984928131104,0.5294359922409058,0.3700803816318512,0.5997109413146973,0.36362943053245544,0.49296167492866516,0.36079156398773193,0.6370740532875061,0.4309968650341034,0.4332369267940521,0.4296244978904724,0.6889607906341553,0.5017688274383545,0.3560475707054138,0.5050406455993652,0.5594599843025208,0.5079633593559265,0.4516644775867462,0.4856399893760681,0.6014443635940552,0.6209540963172913,0.47112417221069336,0.6229899525642395,0.6046289205551147,0.7559089660644531,0.4615301191806793,0.7661206722259521,0.580924928188324,0.8726205825805664,0.4497701823711395,0.8948553204536438
51,0.5507948994636536,0.3848172724246979,0.571453332901001,0.37132906913757324,0.5299524068832397,0.37019556760787964,0.5995943546295166,0.3637337386608124,0.4929555058479309,0.3610193133354187,0.6368841528892517,0.43126094341278076,0.4330552816390991,0.4295414090156555,0.688521146774292,0.5024118423461914,0.3565721809864044,0.5049600601196289,0.5612175464630127,0.5087195634841919,0.4550645053386688,0.48608696460723877,0.6014589071273804,0.6217371225357056,0.4710245728492737,0.6234317421913147,0.6040807366371155,0.7574455738067627,0.46185538172721863,0.7662005424499512,0.5798322558403015,0.8737996816635132,0.44860613346099854,0.8938239216804504
52,0.551379919052124,0.3847411274909973,0.5718731880187988,0.3712671101093292,0.530612587928772,0.37009966373443604,0.599450409412384,0.36376267671585083,0.4932667315006256,0.36093464493751526,0.6367703080177307,0.4314921796321869,0.43230628967285156,0.42962294816970825,0.6875425577163696,0.5029694437980652,0.3574885129928589,0.5052189826965332,0.5622681975364685,0.5104991793632507,0.45732900500297546,0.4869787395000458,0.6020624041557312,0.6209713816642761,0.47120264172554016,0.622952938079834,0.6045078635215759,0.7551655769348145,0.4624771177768707,0.7653020620346069,0.5789573192596436,0.8719753623008728,0.4488734304904938,0.8945001363754272
53,0.5512949824333191,0.3848643898963928,0.5719808340072632,0.371473103761673,0.5306398272514343,0.3701620399951935,0.5998389720916748,0.36415696144104004,0.49351850152015686,0.3609970510005951,0.6368487477302551,0.43192246556282043,0.4325774610042572,0.4296393394470215,0.6865347623825073,0.5028979182243347,0.35841742157936096,0.5051203966140747,0.5644122362136841,0.5119844675064087,0.4593378007411957,0.48812544345855713,0.6020992398262024,0.6221622228622437,0.4712585508823395,0.6238172054290771,0.6043315529823303,0.7572526931762695,0.46272000670433044,0.7658759951591492,0.578412652015686,0.8727346062660217,0.44831177592277527,0.8937929272651672
54,0.5524919033050537,0.3844839334487915,0.5729972720146179,0.3711988031864166,0.5318038463592529,0.3698889911174774,0.6001033186912537,0.36428555846214294,0.49404045939445496,0.3611089885234833,0.6368779540061951,0.43176811933517456,0.43323296308517456,0.4295203387737274,0.687207043170929,0.5035817623138428,0.35910746455192566,0.5060669779777527,0.5618278384208679,0.5127050280570984,0.4608643651008606,0.4897332489490509,0.603270947933197,0.6217925548553467,0.4726988673210144,0.623505711555481,0.6047451496124268,0.7561647295951843,0.46359044313430786,0.7652088403701782,0.5788146257400513,0.8725661039352417,0.44882625341415405,0.8945303559303284
55,0.5536161661148071,0.3843814432621002,0.5742545127868652,0.37125879526138306,0.5329604744911194,0.36976730823516846,0.6009441614151001,0.3649129569530487,0.4945436120033264,0.36130452156066895,0.6365288496017456,0.4321119487285614,0.4335237145423889,0.4294295310974121,0.6869115233421326,0.5038145780563354,0.35984963178634644,0.5061120390892029,0.5617259740829468,0.5128688216209412,0.45756995677948,0.49188292026519775,0.6027653813362122,0.6210305690765381,0.4726598560810089,0.6225472092628479,0.6046082973480225,0.755171537399292,0.46526479721069336,0.7640333771705627,0.5781651139259338,0.8720495700836182,0.4493229389190674,0.8940081596374512
56,0.5559177994728088,0.3841608464717865,0.5762331485748291,0.3709680140018463,0.5349471569061279,0.36960554122924805,0.601894199848175,0.3647547662258148,0.49527299404144287,0.36139991879463196,0.6367402672767639,0.43253853917121887,0.4332825243473053,0.42954179644584656,0.6868690848350525,0.5040475130081177,0.35964450240135193,0.5062330961227417,0.5631828904151917,0.5136426091194153,0.45623812079429626,0.49507322907447815,0.6017857193946838,0.6216726899147034,0.47145572304725647,0.6229487061500549,0.603195309638977,0.7552228569984436,0.465415894985199,0.7634283900260925,0.5775364637374878,0.8729904890060425,0.44935089349746704,0.8944197297096252
57,0.5583449602127075,0.38398033380508423,0.5782541632652283,0.37075886130332947,0.5369981527328491,0.3695712387561798,0.6027839779853821,0.36479488015174866,0.4961104691028595,0.36180904507637024,0.6374468207359314,0.4330170750617981,0.433083176612854,0.4297521710395813,0.6863977909088135,0.5038580298423767,0.36035826802253723,0.5055803060531616,0.565845787525177,0.513704776763916,0.4551060199737549,0.49945059418678284,0.6025824546813965,0.6226983666419983,0.4714473485946655,0.6238812804222107,0.6034741401672363,0.7559232711791992,0.46432092785835266,0.7645191550254822,0.5767731666564941,0.8724140524864197,0.4476117491722107,0.8943094611167908
58,0.5619204044342041,0.3842398524284363,0.581487238407135,0.3710937798023224,0.5406834483146667,0.3696681559085846,0.6038185954093933,0.3650778830051422,0.49803149700164795,0.3614856004714966,0.6366510391235352,0.43364498019218445,0.43299296498298645,0.43012571334838867,0.6862756609916687,0.5039291381835938,0.3630945086479187,0.5065246820449829,0.5647714734077454,0.5145729184150696,0.45674023032188416,0.5052105188369751,0.6031883358955383,0.6236371397972107,0.4724910259246826,0.6247583627700806,0.6032469272613525,0.7557183504104614,0.4655910134315491,0.7645143270492554,0.5763763189315796,0.872917115688324,0.448517769575119,0.894474983215332
59,0.5648658275604248,0.3846108913421631,0.5844007134437561,0.3715086281299591,0.5434474945068359,0.36991819739341736,0.6059045791625977,0.36565396189689636,0.49941733479499817,0.3616673946380615,0.6369202733039856,0.4347047507762909,0.4340832829475403,0.4302540123462677,0.6854522824287415,0.5038554668426514,0.36638256907463074,0.5051364302635193,0.5626487135887146,0.5157530307769775,0.4588813781738281,0.5119746327400208,0.6030824780464172,0.624305248260498,0.4725708067417145,0.6249471306800842,0.6028668284416199,0.7567041516304016,0.4633888304233551,0.7653414011001587,0.5756327509880066,0.873175859451294,0.4475565552711487,0.8938238024711609
60,0.5686706304550171,0.38449493050575256,0.5871196389198303,0.3714338541030884,0.5473189353942871,0.3699286878108978,0.6053687930107117,0.3657172620296478,0.501243531703949,0.36186301708221436,0.6359639763832092,0.4350082576274872,0.43329018354415894,0.4304184317588806,0.6857373118400574,0.5046394467353821,0.36807680130004883,0.5052011609077454,0.5610235333442688,0.5148900151252747,0.4557693302631378,0.5185626745223999,0.6035200953483582,0.6244542002677917,0.4729471802711487,0.6252153515815735,0.6026076674461365,0.7548137307167053,0.4630519449710846,0.765673816204071,0.5755350589752197,0.872792661190033,0.4483621418476105,0.8937235474586487
61,0.5718217492103577,0.3843882977962494,0.5896286368370056,0.37134337425231934,0.550371527671814,0.3698757290840149,0.6060057282447815,0.36570030450820923,0.5026180744171143,0.36181390285491943,0.6359118819236755,0.43561747670173645,0.43328627943992615,0.4301108121871948,0.6858841180801392,0.5046038031578064,0.3715427815914154,0.5038390755653381,0.5611394643783569,0.5145381689071655,0.45830056071281433,0.5236485600471497,0.6031690835952759,0.6241329312324524,0.472482293844223,0.6244722604751587,0.6036064028739929,0.7544318437576294,0.46437206864356995,0.7649789452552795,0.5741008520126343,0.8727096915245056,0.4473721981048584,0.8932665586471558
62,0.5753907561302185,0.3841891884803772,0.5923399329185486,0.3710854649543762,0.5537892580032349,0.3697996437549591,0.6065804958343506,0.3654671609401703,0.5046377778053284,0.3619686961174011,0.6361719369888306,0.4358535408973694,0.434395968914032,0.4302888512611389,0.6855472922325134,0.504597008228302,0.3747316896915436,0.50453120470047,0.5622381567955017,0.5145148634910583,0.46293631196022034,0.531705379486084,0.6045583486557007,0.6248446702957153,0.47428056597709656,0.6249861121177673,0.602249264717102,0.7554502487182617,0.46469634771347046,0.7655179500579834,0.5746524930000305,0.8739290833473206,0.446167916059494,0.8929293155670166
63,0.5785247087478638,0.38409948348999023,0.594672441482544,0.3708879053592682,0.5569546222686768,0.369731068611145,0.6068874597549438,0.36499959230422974,0.5065279006958008,0.3617047369480133,0.636018693447113,0.4361076056957245,0.43454769253730774,0.4303581416606903,0.6853459477424622,0.5047690868377686,0.3769499957561493,0.5053195357322693,0.5644727349281311,0.5149573683738708,0.46690791845321655,0.5385821461677551,0.6043021082878113,0.624775230884552,0.4742874503135681,0.6248913407325745,0.6023522615432739,0.755130410194397,0.4654907286167145,0.76526939868927,0.5731874704360962,0.8739472031593323,0.4461882710456848,0.8927057981491089
64,0.5808446407318115,0.3837776482105255,0.5968039035797119,0.3707321584224701,0.5594640374183655,0.36941301822662354,0.6078374981880188,0.3651943504810333,0.5083122849464417,0.3614984154701233,0.6357635855674744,0.43629032373428345,0.43559205532073975,0.43032029271125793,0.6849282383918762,0.505238950252533,0.3795195519924164,0.5067156553268433,0.5647270679473877,0.5149920582771301,0.47084859013557434,0.5429560542106628,0.6045141816139221,0.6249346733093262,0.4751778542995453,0.6249451041221619,0.6020538210868835,0.755716860294342,0.46577537059783936,0.7654950618743896,0.5723078846931458,0.874026894569397,0.4452248513698578,0.8926767110824585
65,0.5831666588783264,0.3830617070198059,0.5987414717674255,0.37035465240478516,0.5620356798171997,0.368850976228714,0.0,0.0,0.5100332498550415,0.3617002069950104,0.6352362632751465,0.43640488386154175,0.4361383020877838,0.43023040890693665,0.6853384971618652,0.5056139230728149,0.3812788724899292,0.5075473189353943,0.5649195909500122,0.5152202844619751,0.4769302308559418,0.5462028384208679,0.6041234731674194,0.6254621148109436,0.4751022160053253,0.6255620718002319,0.6020275950431824,0.7562499046325684,0.46534326672554016,0.7667697668075562,0.5715388655662537,0.8737185597419739,0.44526976346969604,0.8931955695152283
66,0.5857743620872498,0.38251325488090515,0.6010478734970093,0.3699796497821808,0.5647232532501221,0.36838164925575256,0.0,0.0,0.5118890404701233,0.3617115914821625,0.635115385055542,0.43655869364738464,0.4364742636680603,0.43011507391929626,0.6844540238380432,0.5062960386276245,0.38364607095718384,0.5088660717010498,0.5692703127861023,0.5145184397697449,0.48309844732284546,0.5480499267578125,0.6034927368164062,0.6249894499778748,0.47442591190338135,0.6252264380455017,0.6023944020271301,0.7564278841018677,0.4657838046550751,0.7673818469047546,0.5722559094429016,0.8729345798492432,0.4448026716709137,0.8935911655426025
67,0.589356005191803,0.38230466842651367,0.6039345264434814,0.3697640597820282,0.568489670753479,0.3681173324584961,0.0,0.0,0.5137959122657776,0.3610072731971741,0.6344260573387146,0.4363541603088379,0.4360431134700775,0.42948418855667114,0.6838619709014893,0.5065369606018066,0.38606542348861694,0.509299635887146,0.5766022801399231,0.5141769051551819,0.48912274837493896,0.5498235821723938,0.6044331789016724,0.6248580813407898,0.4754038453102112,0.6249722242355347,0.6022718548774719,0.7563528418540955,0.46680915355682373,0.7663893103599548,0.5705925226211548,0.873084306716919,0.44350117444992065,0.8922377824783325
68,0.5937583446502686,0.3815552890300751,0.6073157787322998,0.3689791262149811,0.5724964737892151,0.3675113022327423,0.0,0.0,0.5150935053825378,0.361175537109375,0.6338645815849304,0.4364440143108368,0.43608295917510986,0.4294924736022949,0.6838964223861694,0.507856547832489,0.3886348605155945,0.5095497369766235,0.5799352526664734,0.5133815407752991,0.49559247493743896,0.551340639591217,0.6050676107406616,0.6256389021873474,0.47589585185050964,0.625938355922699,0.6015835404396057,0.7563741207122803,0.46595728397369385,0.7677305340766907,0.569627046585083,0.8739370107650757,0.44264543056488037,0.8933283090591431
69,0.5962669253349304,0.38113194704055786,0.6091427206993103,0.3686732351779938,0.5751628875732422,0.3671930432319641,0.0,0.0,0.5167465806007385,0.36109957098960876,0.6322839856147766,0.4362565279006958,0.43768811225891113,0.42883041501045227,0.6831385493278503,0.507476270198822,0.3905007839202881,0.5094507336616516,0.5829176902770996,0.5123168230056763,0.5032896399497986,0.5535890460014343,0.6043711304664612,0.6263540387153625,0.47688519954681396,0.6263987421989441,0.6012483239173889,0.7571671009063721,0.4657022953033447,0.7672274708747864,0.5698372721672058,0.8748964071273804,0.4415184259414673,0.8929815888404846
70,0.5993291735649109,0.3806643486022949,0.6111078262329102,0.36820974946022034,0.578758716583252,0.36681443452835083,0.0,0.0,0.5190359354019165,0.3605280816555023,0.631685733795166,0.4363253712654114,0.4376233220100403,0.4283997714519501,0.68369460105896,0.5094521641731262,0.39316508173942566,0.5105296969413757,0.5844913125038147,0.5120208263397217,0.5076317191123962,0.5550516843795776,0.6046159267425537,0.6253048777580261,0.47745004296302795,0.6251482367515564,0.6011606454849243,0.7565283179283142,0.4662244915962219,0.7662124633789062,0.5693657398223877,0.8748972415924072,0.44117921590805054,0.8919645547866821
71,0.6042494177818298,0.38015633821487427,0.6146532893180847,0.3677070140838623,0.5841915607452393,0.3664363920688629,0.0,0.0,0.5227953791618347,0.3603568971157074,0.6308103203773499,0.43645280599594116,0.43894660472869873,0.4281323254108429,0.6838987469673157,0.5104879140853882,0.39434102177619934,0.5108969807624817,0.5859034061431885,0.5116551518440247,0.5106232166290283,0.5577782988548279,0.6051554083824158,0.6259979605674744,0.4792160391807556,0.6257326006889343,0.60123211145401,0.7573322653770447,0.46621525287628174,0.7669614553451538,0.5689650774002075,0.8764190077781677,0.44099438190460205,0.8926388025283813
72,0.6082354187965393,0.38011929392814636,0.6181731224060059,0.36800000071525574,0.588722288608551,0.3663053810596466,0.0,0.0,0.525844156742096,0.36032921075820923,0.6293123364448547,0.4370022118091583,0.4393838346004486,0.4281591773033142,0.6841386556625366,0.5120212435722351,0.39682379364967346,0.5130465626716614,0.5961118340492249,0.5120658874511719,0.5120392441749573,0.5609012842178345,0.6040406823158264,0.6251307725906372,0.47929811477661133,0.6248300671577454,0.6003586053848267,0.7557708024978638,0.46709245443344116,0.7651855945587158,0.5687905550003052,0.8759279847145081,0.44007202982902527,0.891857385635376
73,0.6137986779212952,0.3799513876438141,0.6221799254417419,0.36806240677833557,0.5949745178222656,0.3664200007915497,0.0,0.0,0.5308960676193237,0.36130291223526,0.6287010312080383,0.43759533762931824,0.44075682759284973,0.428423136472702,0.6845636963844299,0.5127057433128357,0.3983862102031708,0.5133368372917175,0.5988336801528931,0.5111215114593506,0.5125479102134705,0.5633033514022827,0.6024351716041565,0.6263333559036255,0.478598028421402,0.6260756254196167,0.6014143228530884,0.7557986378669739,0.46809250116348267,0.7660279870033264,0.5694214701652527,0.8760000467300415,0.4404617249965668,0.8923593759536743
74,0.617727518081665,0.379568874835968,0.6250993013381958,0.36796700954437256,0.599513590335846,0.36625900864601135,0.0,0.0,0.5353519916534424,0.3618624806404114,0.6292082071304321,0.4380400776863098,0.44211673736572266,0.4285416901111603,0.6847838163375854,0.5144827961921692,0.3999762535095215,0.5143530964851379,0.6091211438179016,0.511555016040802,0.5140162706375122,0.5650216937065125,0.6030797958374023,0.6259400844573975,0.47972285747528076,0.6257323026657104,0.6006805300712585,0.7549635767936707,0.46853089332580566,0.7657597661018372,0.5689391493797302,0.875242292881012,0.44113367795944214,0.8914223313331604
75,0.6204136610031128,0.37956786155700684,0.6270546317100525,0.3680585026741028,0.6031909584999084,0.36616283655166626,0.0,0.0,0.5390647649765015,0.36132824420928955,0.6290645599365234,0.4385923743247986,0.44278717041015625,0.42827922105789185,0.6857367753982544,0.5153917074203491,0.4010922610759735,0.5141788125038147,0.6150040626525879,0.5115513205528259,0.5145377516746521,0.5659705996513367,0.6049003601074219,0.6271322965621948,0.48205408453941345,0.6267133951187134,0.5997824668884277,0.7574424147605896,0.46767276525497437,0.7683026790618896,0.5694398880004883,0.8760872483253479,0.4399159550666809,0.8922731876373291
76,0.6234910488128662,0.37982863187789917,0.6294912695884705,0.36835619807243347,0.6071420907974243,0.36647722125053406,0.0,0.0,0.5440190434455872,0.36130839586257935,0.6303261518478394,0.4391501545906067,0.4453618824481964,0.42764925956726074,0.6851401925086975,0.5174859166145325,0.40149223804473877,0.5132538080215454,0.6206591725349426,0.512448251247406,0.5151674747467041,0.566010594367981,0.6061807870864868,0.6264789700508118,0.48436808586120605,0.6257761716842651,0.6004863381385803,0.7569230198860168,0.46947112679481506,0.7681310176849365,0.5703923106193542,0.875460684299469,0.4414602816104889,0.8920349478721619
77,0.6260165572166443,0.38038235902786255,0.6325268745422363,0.36920249462127686,0.6105371713638306,0.36673498153686523,0.0,0.0,0.5481609106063843,0.36076438426971436,0.6301114559173584,0.43991008400917053,0.4474297761917114,0.42672616243362427,0.6835304498672485,0.5188771486282349,0.40190064907073975,0.5125381946563721,0.6264652609825134,0.5108768343925476,0.5173373222351074,0.5653660297393799,0.6050755381584167,0.6262673735618591,0.4848172068595886,0.6251707673072815,0.6000914573669434,0.7561591267585754,0.4704631268978119,0.7675960063934326,0.5703654885292053,0.8753729462623596,0.44187095761299133,0.8921855092048645
78,0.6287720799446106,0.3811433017253876,0.6353533267974854,0.37008440494537354,0.6138543486595154,0.3673095405101776,0.0,0.0,0.5518430471420288,0.3606225550174713,0.6299653053283691,0.44034382700920105,0.44979798793792725,0.42602407932281494,0.6827431321144104,0.5206494331359863,0.4034809172153473,0.5117906928062439,0.6373091340065002,0.510617196559906,0.5203381776809692,0.5650544762611389,0.6055126190185547,0.6259828209877014,0.4867437183856964,0.6247095465660095,0.6003823280334473,0.7547591328620911,0.4702470600605011,0.7670370936393738,0.570985734462738,0.8755856156349182,0.4413188695907593,0.8918855786323547
79,0.6324067711830139,0.38149353861808777,0.6387889385223389,0.3704141080379486,0.6179332137107849,0.3675312101840973,0.0,0.0,0.5558035969734192,0.36028575897216797,0.631165087223053,0.440674751996994,0.4520553946495056,0.4255903959274292,0.6828756928443909,0.5216362476348877,0.4039821922779083,0.5110843181610107,0.6471013426780701,0.5102639198303223,0.5225200653076172,0.5644435882568359,0.6078033447265625,0.6267220973968506,0.48965901136398315,0.6254231333732605,0.6015450358390808,0.7552999258041382,0.47160637378692627,0.7682080864906311,0.5702753067016602,0.8762125968933105,0.4418269693851471,0.8927220106124878
80,0.6359217762947083,0.38129425048828125,0.6422222256660461,0.37041768431663513,0.6215221285820007,0.3672887980937958,0.0,0.0,0.5590686798095703,0.360326886177063,0.631685197353363,0.4414498805999756,0.4544414281845093,0.42538759112358093,0.6792042851448059,0.5222718119621277,0.40662315487861633,0.5102200508117676,0.6554985642433167,0.5122182965278625,0.5250911116600037,0.5643011331558228,0.6080615520477295,0.6266272664070129,0.4907757639884949,0.6250641345977783,0.601643443107605,0.7549745440483093,0.4727891683578491,0.7669948935508728,0.5695185661315918,0.8767122030258179,0.441972017288208,0.8928804397583008
81,0.6394349932670593,0.38100722432136536,0.6457620859146118,0.37034082412719727,0.6249690055847168,0.36701613664627075,0.0,0.0,0.5623615980148315,0.3603171706199646,0.6308273673057556,0.441251665353775,0.45791032910346985,0.42512813210487366,0.6733844876289368,0.5199704170227051,0.40931078791618347,0.5087940096855164,0.6709386706352234,0.5174828767776489,0.5258427262306213,0.5642003417015076,0.6074665188789368,0.6260260343551636,0.49260038137435913,0.6247530579566956,0.6021302938461304,0.7570643424987793,0.4738360345363617,0.7682960033416748,0.5699816346168518,0.8774391412734985,0.44270560145378113,0.8939259052276611
82,0.6420354843139648,0.38092806935310364,0.6484109163284302,0.3702954053878784,0.6277047395706177,0.366904079914093,0.0,0.0,0.5658068656921387,0.3602324426174164,0.6306629180908203,0.4415033459663391,0.4612208604812622,0.4252026677131653,0.6654942631721497,0.5206326842308044,0.41304343938827515,0.50900799036026,0.6791563034057617,0.5228360891342163,0.528988778591156,0.5643828511238098,0.606679379940033,0.6262154579162598,0.4935831129550934,0.6253206133842468,0.603725254535675,0.757141649723053,0.4759313464164734,0.7689440846443176,0.5677018761634827,0.8772386312484741,0.44300925731658936,0.895789384841919
83,0.6454004645347595,0.3804275095462799,0.6521785855293274,0.3699125051498413,0.630846381187439,0.36627981066703796,0.0,0.0,0.5690074563026428,0.35988491773605347,0.6309605836868286,0.44179245829582214,0.4647018313407898,0.4251571297645569,0.6589980721473694,0.5196483135223389,0.4166077673435211,0.5086194276809692,0.6838399171829224,0.5276652574539185,0.531835675239563,0.5642826557159424,0.6047796607017517,0.6273582577705383,0.49322792887687683,0.6262346506118774,0.6023550629615784,0.7584977149963379,0.47555819153785706,0.7682308554649353,0.566490888595581,0.8772278428077698,0.44129958748817444,0.8953665494918823
84,0.6479501724243164,0.3812321126461029,0.6553647518157959,0.37090614438056946,0.6335936784744263,0.36685582995414734,0.0,0.0,0.5715652704238892,0.35974955558776855,0.6315060257911682,0.4410029649734497,0.46711617708206177,0.4254205822944641,0.65696120262146,0.5152575373649597,0.41985058784484863,0.5079801082611084,0.6790300011634827,0.5322923064231873,0.5363614559173584,0.5636575818061829,0.6055233478546143,0.6264410614967346,0.4945550858974457,0.6259034872055054,0.6038978695869446,0.7577768564224243,0.47662171721458435,0.7675328850746155,0.5677457451820374,0.8747431635856628,0.4402755796909332,0.8953365683555603
85,0.6522476673126221,0.38088953495025635,0.6596853733062744,0.3705142140388489,0.6373955607414246,0.366578072309494,0.0,0.0,0.5751906037330627,0.3599364757537842,0.6341235041618347,0.4421721398830414,0.47182926535606384,0.42515668272972107,0.6568313241004944,0.5194292068481445,0.42333555221557617,0.5070101618766785,0.6905578374862671,0.5413735508918762,0.541877806186676,0.5634961724281311,0.6048194169998169,0.627634584903717,0.49503421783447266,0.6266871690750122,0.6051404476165771,0.7564626336097717,0.4786599576473236,0.7659525871276855,0.5660730600357056,0.8739697933197021,0.44239541888237,0.8955662250518799
